"chromosome","start","end","name","score","strand","trait","risk_allele","pval","effect_size"
"Hinf_Rd-KW20v3",1688396,1688396,"1688396_C",1000,".","antimicrobial_resistance","C",2.66280105009879e-08,0.13626373626374
"Hinf_Rd-KW20v3",1688399,1688399,"1688399_A",1000,".","antimicrobial_resistance","A",2.66280105009879e-08,0.13626373626374
"Hinf_Rd-KW20v3",1688426,1688426,"1688426_T",1000,".","antimicrobial_resistance","T",3.14388420536518e-10,0.105822267620037
"Hinf_Rd-KW20v3",1688429,1688429,"1688429_C",1000,".","antimicrobial_resistance","C",3.14388420536518e-10,0.105822267620037
"Hinf_Rd-KW20v3",1688438,1688438,"1688438_T",1000,".","antimicrobial_resistance","T",5.5780593340072e-10,0.110220852593744
"Hinf_Rd-KW20v3",1688456,1688456,"1688456_A",1000,".","antimicrobial_resistance","A",1.55869225520234e-09,0.119168831168834
"Hinf_Rd-KW20v3",1688459,1688459,"1688459_G",1000,".","antimicrobial_resistance","G",1.55869225520234e-09,0.119168831168834
"Hinf_Rd-KW20v3",1688474,1688474,"1688474_A",1000,".","antimicrobial_resistance","A",2.66280105009879e-08,0.136263736263739
"Hinf_Rd-KW20v3",1688582,1688582,"1688582_C",1000,".","antimicrobial_resistance","C",1.32821026282362e-09,0.0788888888888995
"Hinf_Rd-KW20v3",1688849,1688849,"1688849_G",1000,".","antimicrobial_resistance","G",2.66280105009879e-08,0.143891402714932
"Hinf_Rd-KW20v3",1688876,1688876,"1688876_A",1000,".","antimicrobial_resistance","A",9.53912271350668e-11,0.0980842911877465
"Hinf_Rd-KW20v3",1688879,1688879,"1688879_A",1000,".","antimicrobial_resistance","A",3.18246082815433e-09,0.120562839782545
"Hinf_Rd-KW20v3",1688933,1688933,"1688933_C",1000,".","antimicrobial_resistance","C",9.53912271350668e-11,0.083528811830867
"Hinf_Rd-KW20v3",1688963,1688963,"1688963_G",1000,".","antimicrobial_resistance","G",9.53912271350668e-11,0.083528811830867
"Hinf_Rd-KW20v3",1688969,1688969,"1688969_C",1000,".","antimicrobial_resistance","C",2.05118479959379e-10,0.0864431794224909
"Hinf_Rd-KW20v3",1688987,1688987,"1688987_A",1000,".","antimicrobial_resistance","A",2.05118479959379e-10,0.0864431794224909
"Hinf_Rd-KW20v3",1688990,1688990,"1688990_A",1000,".","antimicrobial_resistance","A",1.66208874764571e-10,0.0816818706094221
"Hinf_Rd-KW20v3",1689002,1689002,"1689002_A",1000,".","antimicrobial_resistance","A",8.49014869889149e-10,0.106247343816442
"Hinf_Rd-KW20v3",1689017,1689017,"1689017_T",1000,".","antimicrobial_resistance","T",3.14388420536518e-10,0.0903225806453347
"Hinf_Rd-KW20v3",1689020,1689020,"1689020_G",1000,".","antimicrobial_resistance","G",2.66069389953083e-10,0.085347593583098
"Hinf_Rd-KW20v3",1689023,1689023,"1689023_A",1000,".","antimicrobial_resistance","A",3.14388420536518e-10,0.0903225806453347
